Company Name,Email ID,Contact Number
ABC Corporation,abc@example.com,123-456-7890
XYZ Industries,xyz@example.com,987-654-3210
Global Solutions,info@globalsolutions.com,456-789-0123
Tech Innovators,support@techinnovators.org,789-012-3456
Data Dynamics,contact@datadynamics.net,234-567-8901
Swift Enterprises,swift@enterprises.co,678-901-2345
NexGen Technologies,info@nexgentech.com,345-678-9012
Infinite Solutions,sales@infinite-solutions.biz,890-123-4567
Dynamic Systems,info@dynamicsystems.io,567-890-1234
Unified Networks,support@unifiednetworks.com,012-345-6789
